EPCTL23_body_dataset.pt,957
EPCTL28_body_dataset.pt,876
EPCTL15_body_dataset.pt,755
EPCTL11_body_dataset.pt,791
EPCTL18_body_dataset.pt,905
EPCTL17_body_dataset.pt,926
EPCTL22_body_dataset.pt,928
EPCTL10_body_dataset.pt,950
EPCTL19_body_dataset.pt,960
EPCTL13_body_dataset.pt,925
EPCTL01_body_dataset.pt,957
EPCTL24_body_dataset.pt,979
EPCTL27_body_dataset.pt,913
EPCTL08_body_dataset.pt,873
EPCTL29_body_dataset.pt,851
EPCTL25_body_dataset.pt,983
EPCTL16_body_dataset.pt,910
EPCTL06_body_dataset.pt,919
EPCTL26_body_dataset.pt,1050
EPCTL14_body_dataset.pt,773
EPCTL09_body_dataset.pt,945
EPCTL05_body_dataset.pt,755
EPCTL20_body_dataset.pt,940
EPCTL21_body_dataset.pt,859
EPCTL07_body_dataset.pt,979
EPCTL12_body_dataset.pt,782
EPCTL03_body_dataset.pt,843
EPCTL02_body_dataset.pt,1072
EPCTL04_body_dataset.pt,762
